name,prompt,negative_prompt
Kamph_Default_Negative (NO),,"Watermark, Text, censored, deformed, bad anatomy, disfigured, poorly drawn face, mutated, extra limb, ugly, poorly drawn hands, missing limb, floating limbs, disconnected limbs, disconnected head, malformed hands, long neck, mutated hands and fingers, bad hands, missing fingers, cropped, worst quality, low quality, mutation, poorly drawn, huge calf, bad hands, fused hand, missing hand, disappearing arms, disappearing thigh, disappearing calf, disappearing legs, missing fingers, fused fingers, abnormal eye proportion, Abnormal hands, abnormal legs, abnormal feet,  abnormal fingers"
Kamph_Default_Negative (sfw) (NO),,"NSFW, Cleavage, Pubic Hair, Nudity, Naked, Au naturel, Watermark, Text, censored, deformed, bad anatomy, disfigured, poorly drawn face, mutated, extra limb, ugly, poorly drawn hands, missing limb, floating limbs, disconnected limbs, disconnected head, malformed hands, long neck, mutated hands and fingers, bad hands, missing fingers, cropped, worst quality, low quality, mutation, poorly drawn, huge calf, bad hands, fused hand, missing hand, disappearing arms, disappearing thigh, disappearing calf, disappearing legs, missing fingers, fused fingers, abnormal eye proportion, Abnormal hands, abnormal legs, abnormal feet,  abnormal fingers"
Kamph_Default_Negative (Low Token) (NO),,"lowres, bad anatomy, bad hands, text, error, missing fingers, extra digit, fewer digits, cropped, worst quality, low quality, normal quality, jpeg artifacts, signature, watermark, username, blurry"
Kamph_Skin Enhancer (PO),"detailed skin texture, (blush:0.5), (goosebumps:0.5), subsurface scattering",
Kamph_Skin Enhancer (clean)(PO),"detailed skin texture, (blush:0.2), (goosebumps:0.3), subsurface scattering",
Kamph_Ghibli (PO),"(Studio ghibli style, Art by Hayao Miyazaki:1.2), Anime Style, Manga Style, Hand drawn, cinematic, Sharp focus, humorous illustration, big depth of field, Masterpiece, concept art, trending on artstation, Vivid colors, Simplified style, trending on ArtStation, trending on CGSociety, Intricate, Vibrant colors, Soft Shading, Simplistic Features, Sharp Angles, Playful",
Kamph_Vector Illustrations (PO),"Vector art, Vivid colors, Clean lines, Sharp edges, Minimalist, Precise geometry, Simplistic, Smooth curves, Bold outlines, Crisp shapes, Flat colors, Illustration art piece, High contrast shadows, Technical illustration, Graphic design, Vector graphics, High contrast, Precision artwork, Linear compositions, Scalable artwork, Digital art",
Kamph_Digital Painting (PO),"glow effects, godrays, Hand drawn, render, 8k, octane render, cinema 4d, blender, dark, atmospheric 4k ultra detailed, cinematic, Sharp focus, big depth of field, Masterpiece, colors, 3d octane render, 4k, concept art, trending on artstation, hyperrealistic, Vivid colors, extremely detailed CG unity 8k wallpaper, trending on CGSociety, Intricate, High Detail, dramatic",
Kamph_Indie Game (PO),"Indie game art, Vector Art, Borderlands style, Arcane style, Cartoon style, Line art, Disctinct features, Hand drawn, Technical illustration, Graphic design, Vector graphics, High contrast, Precision artwork, Linear compositions, Scalable artwork, Digital art, cinematic sensual, Sharp focus, humorous illustration, big depth of field, Masterpiece, trending on artstation, Vivid colors, trending on ArtStation, trending on CGSociety, Intricate, Low Detail, dramatic",
Kamph_Original Photo Style (PO),"Photorealistic, Hyperrealistic, Hyperdetailed, analog style, soft lighting, subsurface scattering, realistic, heavy shadow, masterpiece, best quality, ultra realistic, 8k, golden ratio, Intricate, High Detail, film photography, soft focus",
Kamph_Black and White Film Noir (PO),"(b&w, Monochromatic, Film Photography:1.3),  Photorealistic, Hyperrealistic, Hyperdetailed, film noir, analog style, soft lighting, subsurface scattering, realistic, heavy shadow, masterpiece, best quality, ultra realistic, 8k, golden ratio, Intricate, High Detail, film photography, soft focus",
Kamph_Isometric Rooms (PO),"Tiny cute isometric in a cutaway box, soft smooth lighting, soft colors, 100mm lens, 3d blender render",
Kamph_Space Hologram (PO),"hologram floating in space, a vibrant digital illustration, dribbble, quantum wavetracing, black background, behance hd",
Kamph_Cute Creatures (PO),"3d fluffy, closeup cute and adorable, cute big circular reflective eyes, long fuzzy fur, Pixar render, unreal engine cinematic smooth, intricate detail, cinematic",
Kamph_Realistic Photo Portraits (PO),"RAW candid cinema, 16mm, color graded portra 400 film, remarkable color, ultra realistic, textured skin, remarkable detailed pupils, realistic dull skin noise, visible skin detail, skin fuzz, dry skin, shot with cinematic camera",
Kamph_Professional Scenic Photographs (PO),"long shot scenic professional photograph of {prompt}, perfect viewpoint, highly detailed, wide-angle lens, hyper realistic, with dramatic sky, polarizing filter, natural lighting, vivid colors, everything in sharp focus, HDR, UHD, 64K",
cinematic_still,"cinematic still {prompt} . emotional, harmonious, vignette, highly detailed, high budget, bokeh, cinemascope, moody, epic, gorgeous, film grain, grainy","anime, cartoon, graphic, text, painting, crayon, graphite, abstract, glitch, deformed, mutated, ugly, disfigured"
sai-3d-model,"professional 3d model {prompt} . octane render, highly detailed, volumetric, dramatic lighting","ugly, deformed, noisy, low poly, blurry, painting"
sai-analog film,"analog film photo {prompt} . faded film, desaturated, 35mm photo, grainy, vignette, vintage, Kodachrome, Lomography, stained, highly detailed, found footage","painting, drawing, illustration, glitch, deformed, mutated, cross-eyed, ugly, disfigured"
sai-anime,"anime artwork {prompt} . anime style, key visual, vibrant, studio anime,  highly detailed","photo, deformed, black and white, realism, disfigured, low contrast"
sai-cinematic,"cinematic film still {prompt} . shallow depth of field, vignette, highly detailed, high budget, bokeh, cinemascope, moody, epic, gorgeous, film grain, grainy","anime, cartoon, graphic, text, painting, crayon, graphite, abstract, glitch, deformed, mutated, ugly, disfigured"
sai-comic book,"comic {prompt} . graphic illustration, comic art, graphic novel art, vibrant, highly detailed","photograph, deformed, glitch, noisy, realistic, stock photo"
sai-craft clay,"play-doh style {prompt} . sculpture, clay art, centered composition, Claymation","sloppy, messy, grainy, highly detailed, ultra textured, photo"
sai-digital art,"concept art {prompt} . digital artwork, illustrative, painterly, matte painting, highly detailed","photo, photorealistic, realism, ugly"
sai-enhance,"breathtaking {prompt} . award-winning, professional, highly detailed","ugly, deformed, noisy, blurry, distorted, grainy"
sai-fantasy art,"ethereal fantasy concept art of  {prompt} . magnificent, celestial, ethereal, painterly, epic, majestic, magical, fantasy art, cover art, dreamy","photographic, realistic, realism, 35mm film, dslr, cropped, frame, text, deformed, glitch, noise, noisy, off-center, deformed, cross-eyed, closed eyes, bad anatomy, ugly, disfigured, sloppy, duplicate, mutated, black and white"
sai-isometric,"isometric style {prompt} . vibrant, beautiful, crisp, detailed, ultra detailed, intricate","deformed, mutated, ugly, disfigured, blur, blurry, noise, noisy, realistic, photographic"
sai-line art,"line art drawing {prompt} . professional, sleek, modern, minimalist, graphic, line art, vector graphics","anime, photorealistic, 35mm film, deformed, glitch, blurry, noisy, off-center, deformed, cross-eyed, closed eyes, bad anatomy, ugly, disfigured, mutated, realism, realistic, impressionism, expressionism, oil, acrylic"
sai-lowpoly,"low-poly style {prompt} . low-poly game art, polygon mesh, jagged, blocky, wireframe edges, centered composition","noisy, sloppy, messy, grainy, highly detailed, ultra textured, photo"
sai-neonpunk,"neonpunk style {prompt} . cyberpunk, vaporwave, neon, vibes, vibrant, stunningly beautiful, crisp, detailed, sleek, ultramodern, magenta highlights, dark purple shadows, high contrast, cinematic, ultra detailed, intricate, professional","painting, drawing, illustration, glitch, deformed, mutated, cross-eyed, ugly, disfigured"
sai-origami,"origami style {prompt} . paper art, pleated paper, folded, origami art, pleats, cut and fold, centered composition","noisy, sloppy, messy, grainy, highly detailed, ultra textured, photo"
sai-photographic,"cinematic photo {prompt} . 35mm photograph, film, bokeh, professional, 4k, highly detailed","drawing, painting, crayon, sketch, graphite, impressionist, noisy, blurry, soft, deformed, ugly"
sai-pixel art,"pixel-art {prompt} . low-res, blocky, pixel art style, 8-bit graphics","sloppy, messy, blurry, noisy, highly detailed, ultra textured, photo, realistic"
sai-texture,texture {prompt} top down close-up,"ugly, deformed, noisy, blurry"
ads-advertising,"Advertising poster style {prompt} . Professional, modern, product-focused, commercial, eye-catching, highly detailed","noisy, blurry, amateurish, sloppy, unattractive"
ads-automotive,"Automotive advertisement style {prompt} . Sleek, dynamic, professional, commercial, vehicle-focused, high-resolution, highly detailed","noisy, blurry, unattractive, sloppy, unprofessional"
ads-corporate,"Corporate branding style {prompt} . Professional, clean, modern, sleek, minimalist, business-oriented, highly detailed","noisy, blurry, grungy, sloppy, cluttered, disorganized"
ads-fashion editorial,"Fashion editorial style {prompt} . High fashion, trendy, stylish, editorial, magazine style, professional, highly detailed","outdated, blurry, noisy, unattractive, sloppy"
ads-food photography,"Food photography style {prompt} . Appetizing, professional, culinary, high-resolution, commercial, highly detailed","unappetizing, sloppy, unprofessional, noisy, blurry"
ads-luxury,"Luxury product style {prompt} . Elegant, sophisticated, high-end, luxurious, professional, highly detailed","cheap, noisy, blurry, unattractive, amateurish"
ads-real estate,"Real estate photography style {prompt} . Professional, inviting, well-lit, high-resolution, property-focused, commercial, highly detailed","dark, blurry, unappealing, noisy, unprofessional"
ads-retail,"Retail packaging style {prompt} . Vibrant, enticing, commercial, product-focused, eye-catching, professional, highly detailed","noisy, blurry, amateurish, sloppy, unattractive"
artstyle-abstract,"abstract style {prompt} . non-representational, colors and shapes, expression of feelings, imaginative, highly detailed","realistic, photographic, figurative, concrete"
artstyle-abstract expressionism,"abstract expressionist painting {prompt} . energetic brushwork, bold colors, abstract forms, expressive, emotional","realistic, photorealistic, low contrast, plain, simple, monochrome"
artstyle-art deco,"Art Deco style {prompt} . geometric shapes, bold colors, luxurious, elegant, decorative, symmetrical, ornate, detailed","ugly, deformed, noisy, blurry, low contrast, realism, photorealistic, modernist, minimalist"
artstyle-art nouveau,"Art Nouveau style {prompt} . elegant, decorative, curvilinear forms, nature-inspired, ornate, detailed","ugly, deformed, noisy, blurry, low contrast, realism, photorealistic, modernist, minimalist"
artstyle-constructivist,"constructivist style {prompt} . geometric shapes, bold colors, dynamic composition, propaganda art style","realistic, photorealistic, low contrast, plain, simple, abstract expressionism"
artstyle-cubist,"cubist artwork {prompt} . geometric shapes, abstract, innovative, revolutionary","anime, photorealistic, 35mm film, deformed, glitch, low contrast, noisy"
artstyle-expressionist,"expressionist {prompt} . raw, emotional, dynamic, distortion for emotional effect, vibrant, use of unusual colors, detailed","realism, symmetry, quiet, calm, photo"
artstyle-graffiti,"graffiti style {prompt} . street art, vibrant, urban, detailed, tag, mural","ugly, deformed, noisy, blurry, low contrast, realism, photorealistic"
artstyle-hyperrealism,"hyperrealistic art {prompt} . extremely high-resolution details, photographic, realism pushed to extreme, fine texture, incredibly lifelike","simplified, abstract, unrealistic, impressionistic, low resolution"
artstyle-impressionist,"impressionist painting {prompt} . loose brushwork, vibrant color, light and shadow play, captures feeling over form","anime, photorealistic, 35mm film, deformed, glitch, low contrast, noisy"
artstyle-pointillism,"pointillism style {prompt} . composed entirely of small, distinct dots of color, vibrant, highly detailed","line drawing, smooth shading, large color fields, simplistic"
artstyle-pop art,"Pop Art style {prompt} . bright colors, bold outlines, popular culture themes, ironic or kitsch","ugly, deformed, noisy, blurry, low contrast, realism, photorealistic, minimalist"
artstyle-psychedelic,"psychedelic style {prompt} . vibrant colors, swirling patterns, abstract forms, surreal, trippy","monochrome, black and white, low contrast, realistic, photorealistic, plain, simple"
artstyle-renaissance,"Renaissance style {prompt} . realistic, perspective, light and shadow, religious or mythological themes, highly detailed","ugly, deformed, noisy, blurry, low contrast, modernist, minimalist, abstract"
artstyle-steampunk,"steampunk style {prompt} . antique, mechanical, brass and copper tones, gears, intricate, detailed","deformed, glitch, noisy, low contrast, anime, photorealistic"
artstyle-surrealist,"surrealist art {prompt} . dreamlike, mysterious, provocative, symbolic, intricate, detailed","anime, photorealistic, realistic, deformed, glitch, noisy, low contrast"
artstyle-typography,"typographic art {prompt} . stylized, intricate, detailed, artistic, text-based","ugly, deformed, noisy, blurry, low contrast, realism, photorealistic"
artstyle-watercolor,"watercolor painting {prompt} . vibrant, beautiful, painterly, detailed, textural, artistic","anime, photorealistic, 35mm film, deformed, glitch, low contrast, noisy"
futuristic-biomechanical,"biomechanical style {prompt} . blend of organic and mechanical elements, futuristic, cybernetic, detailed, intricate","natural, rustic, primitive, organic, simplistic"
futuristic-biomechanical cyberpunk,"biomechanical cyberpunk {prompt} . cybernetics, human-machine fusion, dystopian, organic meets artificial, dark, intricate, highly detailed","natural, colorful, deformed, sketch, low contrast, watercolor"
futuristic-cybernetic,"cybernetic style {prompt} . futuristic, technological, cybernetic enhancements, robotics, artificial intelligence themes","ugly, deformed, noisy, blurry, low contrast, realism, photorealistic, historical, medieval"
futuristic-cybernetic robot,"cybernetic robot {prompt} . android, AI, machine, metal, wires, tech, futuristic, highly detailed","organic, natural, human, sketch, watercolor, low contrast"
futuristic-cyberpunk cityscape,"cyberpunk cityscape {prompt} . neon lights, dark alleys, skyscrapers, futuristic, vibrant colors, high contrast, highly detailed","natural, rural, deformed, low contrast, black and white, sketch, watercolor"
futuristic-futuristic,"futuristic style {prompt} . sleek, modern, ultramodern, high tech, detailed","ugly, deformed, noisy, blurry, low contrast, realism, photorealistic, vintage, antique"
futuristic-retro cyberpunk,"retro cyberpunk {prompt} . 80's inspired, synthwave, neon, vibrant, detailed, retro futurism","modern, desaturated, black and white, realism, low contrast"
futuristic-retro futurism,"retro-futuristic {prompt} . vintage sci-fi, 50s and 60s style, atomic age, vibrant, highly detailed","contemporary, realistic, rustic, primitive"
futuristic-sci-fi,"sci-fi style {prompt} . futuristic, technological, alien worlds, space themes, advanced civilizations","ugly, deformed, noisy, blurry, low contrast, realism, photorealistic, historical, medieval"
futuristic-vaporwave,"vaporwave style {prompt} . retro aesthetic, cyberpunk, vibrant, neon colors, vintage 80s and 90s style, highly detailed","monochrome, muted colors, realism, rustic, minimalist, dark"
game-bubble bobble,"Bubble Bobble style {prompt} . 8-bit, cute, pixelated, fantasy, vibrant, reminiscent of Bubble Bobble game","realistic, modern, photorealistic, violent, horror"
game-cyberpunk game,"cyberpunk game style {prompt} . neon, dystopian, futuristic, digital, vibrant, detailed, high contrast, reminiscent of cyberpunk genre video games","historical, natural, rustic, low detailed"
game-fighting game,"fighting game style {prompt} . dynamic, vibrant, action-packed, detailed character design, reminiscent of fighting video games","peaceful, calm, minimalist, photorealistic"
game-gta,"GTA-style artwork {prompt} . satirical, exaggerated, pop art style, vibrant colors, iconic characters, action-packed","realistic, black and white, low contrast, impressionist, cubist, noisy, blurry, deformed"
game-mario,"Super Mario style {prompt} . vibrant, cute, cartoony, fantasy, playful, reminiscent of Super Mario series","realistic, modern, horror, dystopian, violent"
game-minecraft,"Minecraft style {prompt} . blocky, pixelated, vibrant colors, recognizable characters and objects, game assets","smooth, realistic, detailed, photorealistic, noise, blurry, deformed"
game-pokemon,"Pokémon style {prompt} . vibrant, cute, anime, fantasy, reminiscent of Pokémon series","realistic, modern, horror, dystopian, violent"
game-retro arcade,"retro arcade style {prompt} . 8-bit, pixelated, vibrant, classic video game, old school gaming, reminiscent of 80s and 90s arcade games","modern, ultra-high resolution, photorealistic, 3D"
game-retro game,"retro game art {prompt} . 16-bit, vibrant colors, pixelated, nostalgic, charming, fun","realistic, photorealistic, 35mm film, deformed, glitch, low contrast, noisy"
game-rpg fantasy game,"role-playing game (RPG) style fantasy {prompt} . detailed, vibrant, immersive, reminiscent of high fantasy RPG games","sci-fi, modern, urban, futuristic, low detailed"
game-strategy game,"strategy game style {prompt} . overhead view, detailed map, units, reminiscent of real-time strategy video games","first-person view, modern, photorealistic"
game-streetfighter,"Street Fighter style {prompt} . vibrant, dynamic, arcade, 2D fighting game, highly detailed, reminiscent of Street Fighter series","3D, realistic, modern, photorealistic, turn-based strategy"
game-zelda,"Legend of Zelda style {prompt} . vibrant, fantasy, detailed, epic, heroic, reminiscent of The Legend of Zelda series","sci-fi, modern, realistic, horror"
misc-architectural,"architectural style {prompt} . clean lines, geometric shapes, minimalist, modern, architectural drawing, highly detailed","curved lines, ornate, baroque, abstract, grunge"
misc-disco,"disco-themed {prompt} . vibrant, groovy, retro 70s style, shiny disco balls, neon lights, dance floor, highly detailed","minimalist, rustic, monochrome, contemporary, simplistic"
misc-dreamscape,"dreamscape {prompt} . surreal, ethereal, dreamy, mysterious, fantasy, highly detailed","realistic, concrete, ordinary, mundane"
misc-dystopian,"dystopian style {prompt} . bleak, post-apocalyptic, somber, dramatic, highly detailed","ugly, deformed, noisy, blurry, low contrast, cheerful, optimistic, vibrant, colorful"
misc-fairy tale,"fairy tale {prompt} . magical, fantastical, enchanting, storybook style, highly detailed","realistic, modern, ordinary, mundane"
misc-gothic,"gothic style {prompt} . dark, mysterious, haunting, dramatic, ornate, detailed","ugly, deformed, noisy, blurry, low contrast, realism, photorealistic, cheerful, optimistic"
misc-grunge,"grunge style {prompt} . textured, distressed, vintage, edgy, punk rock vibe, dirty, noisy","smooth, clean, minimalist, sleek, modern, photorealistic"
misc-horror,"horror-themed {prompt} . eerie, unsettling, dark, spooky, suspenseful, grim, highly detailed","cheerful, bright, vibrant, light-hearted, cute"
misc-kawaii,"kawaii style {prompt} . cute, adorable, brightly colored, cheerful, anime influence, highly detailed","dark, scary, realistic, monochrome, abstract"
misc-lovecraftian,"lovecraftian horror {prompt} . eldritch, cosmic horror, unknown, mysterious, surreal, highly detailed","light-hearted, mundane, familiar, simplistic, realistic"
misc-macabre,"macabre style {prompt} . dark, gothic, grim, haunting, highly detailed","bright, cheerful, light-hearted, cartoonish, cute"
misc-manga,"manga style {prompt} . vibrant, high-energy, detailed, iconic, Japanese comic style","ugly, deformed, noisy, blurry, low contrast, realism, photorealistic, Western comic style"
misc-metropolis,"metropolis-themed {prompt} . urban, cityscape, skyscrapers, modern, futuristic, highly detailed","rural, natural, rustic, historical, simple"
misc-minimalist,"minimalist style {prompt} . simple, clean, uncluttered, modern, elegant","ornate, complicated, highly detailed, cluttered, disordered, messy, noisy"
misc-monochrome,"monochrome {prompt} . black and white, contrast, tone, texture, detailed","colorful, vibrant, noisy, blurry, deformed"
misc-nautical,"nautical-themed {prompt} . sea, ocean, ships, maritime, beach, marine life, highly detailed","landlocked, desert, mountains, urban, rustic"
misc-space,"space-themed {prompt} . cosmic, celestial, stars, galaxies, nebulas, planets, science fiction, highly detailed","earthly, mundane, ground-based, realism"
misc-stained glass,"stained glass style {prompt} . vibrant, beautiful, translucent, intricate, detailed","ugly, deformed, noisy, blurry, low contrast, realism, photorealistic"
misc-techwear fashion,"techwear fashion {prompt} . futuristic, cyberpunk, urban, tactical, sleek, dark, highly detailed","vintage, rural, colorful, low contrast, realism, sketch, watercolor"
misc-tribal,"tribal style {prompt} . indigenous, ethnic, traditional patterns, bold, natural colors, highly detailed","modern, futuristic, minimalist, pastel"
misc-zentangle,"zentangle {prompt} . intricate, abstract, monochrome, patterns, meditative, highly detailed","colorful, representative, simplistic, large fields of color"
papercraft-collage,"collage style {prompt} . mixed media, layered, textural, detailed, artistic","ugly, deformed, noisy, blurry, low contrast, realism, photorealistic"
papercraft-flat papercut,"flat papercut style {prompt} . silhouette, clean cuts, paper, sharp edges, minimalist, color block","3D, high detail, noise, grainy, blurry, painting, drawing, photo, disfigured"
papercraft-kirigami,"kirigami representation of {prompt} . 3D, paper folding, paper cutting, Japanese, intricate, symmetrical, precision, clean lines","painting, drawing, 2D, noisy, blurry, deformed"
papercraft-paper mache,"paper mache representation of {prompt} . 3D, sculptural, textured, handmade, vibrant, fun","2D, flat, photo, sketch, digital art, deformed, noisy, blurry"
papercraft-paper quilling,"paper quilling art of {prompt} . intricate, delicate, curling, rolling, shaping, coiling, loops, 3D, dimensional, ornamental","photo, painting, drawing, 2D, flat, deformed, noisy, blurry"
papercraft-papercut collage,"papercut collage of {prompt} . mixed media, textured paper, overlapping, asymmetrical, abstract, vibrant","photo, 3D, realistic, drawing, painting, high detail, disfigured"
papercraft-papercut shadow box,"3D papercut shadow box of {prompt} . layered, dimensional, depth, silhouette, shadow, papercut, handmade, high contrast","painting, drawing, photo, 2D, flat, high detail, blurry, noisy, disfigured"
papercraft-stacked papercut,"stacked papercut art of {prompt} . 3D, layered, dimensional, depth, precision cut, stacked layers, papercut, high contrast","2D, flat, noisy, blurry, painting, drawing, photo, deformed"
papercraft-thick layered papercut,"thick layered papercut art of {prompt} . deep 3D, volumetric, dimensional, depth, thick paper, high stack, heavy texture, tangible layers","2D, flat, thin paper, low stack, smooth texture, painting, drawing, photo, deformed"
photo-alien,"alien-themed {prompt} . extraterrestrial, cosmic, otherworldly, mysterious, sci-fi, highly detailed","earthly, mundane, common, realistic, simple"
photo-film noir,"film noir style {prompt} . monochrome, high contrast, dramatic shadows, 1940s style, mysterious, cinematic","ugly, deformed, noisy, blurry, low contrast, realism, photorealistic, vibrant, colorful"
photo-hdr,"HDR photo of {prompt} . High dynamic range, vivid, rich details, clear shadows and highlights, realistic, intense, enhanced contrast, highly detailed","flat, low contrast, oversaturated, underexposed, overexposed, blurred, noisy"
photo-long exposure,"long exposure photo of {prompt} . Blurred motion, streaks of light, surreal, dreamy, ghosting effect, highly detailed","static, noisy, deformed, shaky, abrupt, flat, low contrast"
photo-neon noir,"neon noir {prompt} . cyberpunk, dark, rainy streets, neon signs, high contrast, low light, vibrant, highly detailed","bright, sunny, daytime, low contrast, black and white, sketch, watercolor"
photo-silhouette,"silhouette style {prompt} . high contrast, minimalistic, black and white, stark, dramatic","ugly, deformed, noisy, blurry, low contrast, color, realism, photorealistic"
photo-tilt-shift,"tilt-shift photo of {prompt} . Selective focus, miniature effect, blurred background, highly detailed, vibrant, perspective control","blurry, noisy, deformed, flat, low contrast, unrealistic, oversaturated, underexposed"
cinematic-diva,"UHD, 8K, ultra detailed, a cinematic photograph of {prompt}, beautiful lighting, great composition","ugly, deformed, noisy, blurry, NSFW"
Abstract Expressionism,"Abstract Expressionism Art, {prompt}, High contrast, minimalistic, colorful, stark, dramatic, expressionism","ugly, deformed, noisy, blurry, low contrast, realism, photorealistic"
Academia,"Academia, {prompt}, preppy Ivy League style, stark, dramatic, chic boarding school, academia","ugly, deformed, noisy, blurry, low contrast, grunge, sloppy, unkempt"
Action Figure,"Action Figure, {prompt}, plastic collectable action figure, collectable toy action figure","ugly, deformed, noisy, blurry, low contrast"
Adorable 3D Character,"Adorable 3D Character, {prompt}, 3D render, adorable character, 3D art","ugly, deformed, noisy, blurry, low contrast, grunge, sloppy, unkempt, photograph, photo, realistic"
Adorable Kawaii,"Adorable Kawaii, {prompt}, pretty, cute, adorable, kawaii","ugly, deformed, noisy, blurry, low contrast, gothic, dark, moody, monochromatic"
Art Deco,"Art Deco, {prompt}, sleek, geometric forms, art deco style","ugly, deformed, noisy, blurry, low contrast"
Art Nouveau,"Art Nouveau, beautiful art, {prompt}, sleek, organic forms, long, sinuous, art nouveau style","ugly, deformed, noisy, blurry, low contrast, industrial, mechanical"
Astral Aura,"Astral Aura, {prompt}, astral, colorful aura, vibrant energy","ugly, deformed, noisy, blurry, low contrast"
Avant-garde,"Avant-garde, {prompt}, unusual, experimental, avant-garde art","ugly, deformed, noisy, blurry, low contrast"
Baroque,"Baroque, {prompt}, dramatic, exuberant, grandeur, baroque art","ugly, deformed, noisy, blurry, low contrast"
Bauhaus-Style Poster,"Bauhaus-Style Poster, {prompt}, simple geometric shapes, clean lines, primary colors, Bauhaus-Style Poster","ugly, deformed, noisy, blurry, low contrast"
Blueprint Schematic Drawing,"Blueprint Schematic Drawing, {prompt}, technical drawing, blueprint, schematic","ugly, deformed, noisy, blurry, low contrast"
Caricature,"Caricature, {prompt}, exaggerated, comical, caricature","ugly, deformed, noisy, blurry, low contrast, realistic"
Cel Shaded Art,"Cel Shaded Art, {prompt}, 2D, flat color, toon shading, cel shaded style","ugly, deformed, noisy, blurry, low contrast"
Character Design Sheet,"Character Design Sheet, {prompt}, character reference sheet, character turn around","ugly, deformed, noisy, blurry, low contrast"
Classicism Art,"Classicism Art, {prompt}, inspired by Roman and Greek culture, clarity, harmonious, classicism art","ugly, deformed, noisy, blurry, low contrast"
Color Field Painting,"Color Field Painting, {prompt}, abstract, simple, geometic, color field painting style","ugly, deformed, noisy, blurry, low contrast"
Colored Pencil Art,"Colored Pencil Art, {prompt}, colored pencil strokes, light color, visible paper texture, colored pencil art","ugly, deformed, noisy, blurry, low contrast"
Conceptual Art,"Conceptual Art, {prompt}, concept art","ugly, deformed, noisy, blurry, low contrast"
Constructivism,"Constructivism Art, {prompt}, minimalistic, geometric forms, constructivism art","ugly, deformed, noisy, blurry, low contrast"
Cubism,"Cubism Art, {prompt}, flat geometric forms, cubism art","ugly, deformed, noisy, blurry, low contrast"
Dadaism,"Dadaism Art, {prompt}, satirical, nonsensical, dadaism art","ugly, deformed, noisy, blurry, low contrast"
Dark Fantasy,"Dark Fantasy Art, {prompt}, dark, moody, dark fantasy style","ugly, deformed, noisy, blurry, low contrast, bright, sunny"
Dark Moody Atmosphere,"Dark Moody Atmosphere, {prompt}, dramatic, mysterious, dark moody atmosphere","ugly, deformed, noisy, blurry, low contrast, vibrant, colorful, bright"
DMT Art Style,"DMT Art Style, {prompt}, bright colors, surreal visuals, swirling patterns, DMT art style","ugly, deformed, noisy, blurry, low contrast"
Doodle Art,"Doodle Art Style, {prompt}, drawing, freeform, swirling patterns, doodle art style","ugly, deformed, noisy, blurry, low contrast"
Double Exposure,"Double Exposure Style, {prompt}, double image ghost effect, image combination, double exposure style","ugly, deformed, noisy, blurry, low contrast"
Dripping Paint Splatter Art,"Dripping Paint Splatter Art, {prompt}, dramatic, paint drips, splatters, dripping paint","ugly, deformed, noisy, blurry, low contrast"
Expressionism,"Expressionism Art Style, {prompt}, movement, contrast, emotional, exaggerated forms, expressionism art style","ugly, deformed, noisy, blurry, low contrast"
Faded Polaroid Photo,"Faded Polaroid Photo, {prompt}, analog, old faded photo, old polaroid","ugly, deformed, noisy, blurry, low contrast, vibrant, colorful"
Fauvism,"Fauvism Art, {prompt}, painterly, bold colors, textured brushwork, fauvism art","ugly, deformed, noisy, blurry, low contrast"
Flat 2D Art,"Flat 2D Art, {prompt}, simple flat color, 2-dimensional, Flat 2D Art Style","ugly, deformed, noisy, blurry, low contrast, 3D, photo, realistic"
Fortnite Art Style,"Fortnite Art Style, {prompt}, 3D cartoon, colorful, Fortnite Art Style","ugly, deformed, noisy, blurry, low contrast, photo, realistic"
Futurism,"Futurism Art Style, {prompt}, dynamic, dramatic, Futurism Art Style","ugly, deformed, noisy, blurry, low contrast"
Glitchcore,"Glitchcore Art Style, {prompt}, dynamic, dramatic, distorted, vibrant colors, glitchcore art style","ugly, deformed, noisy, blurry, low contrast"
Glo-fi,"Glo-fi Art Style, {prompt}, dynamic, dramatic, vibrant colors, glo-fi art style","ugly, deformed, noisy, blurry, low contrast"
Googie Art Style,"Googie Art Style, {prompt}, dynamic, dramatic, 1950's futurism, bold boomerang angles, Googie art style","ugly, deformed, noisy, blurry, low contrast"
Graffiti Art,"Graffiti Art Style, {prompt}, dynamic, dramatic, vibrant colors, graffiti art style","ugly, deformed, noisy, blurry, low contrast"
Harlem Renaissance Art,"Harlem Renaissance Art Style, {prompt}, dynamic, dramatic, 1920s African American culture, Harlem Renaissance art style","ugly, deformed, noisy, blurry, low contrast"
High Fashion,"High Fashion, {prompt}, dynamic, dramatic, haute couture, elegant, ornate clothing, High Fashion","ugly, deformed, noisy, blurry, low contrast"
Idyllic,"Idyllic, {prompt}, peaceful, happy, pleasant, happy, harmonious, picturesque, charming","ugly, deformed, noisy, blurry, low contrast"
Impressionism,"Impressionism, {prompt}, painterly, small brushstrokes, visible brushstrokes, impressionistic style","ugly, deformed, noisy, blurry, low contrast"
Infographic Drawing,"Infographic Drawing, {prompt}, diagram, infographic","ugly, deformed, noisy, blurry, low contrast"
Ink Dripping Drawing,"Ink Dripping Drawing, {prompt}, ink drawing, dripping ink","ugly, deformed, noisy, blurry, low contrast, colorful, vibrant"
Japanese Ink Drawing,"Japanese Ink Drawing, {prompt}, ink drawing, inkwash, Japanese Ink Drawing","ugly, deformed, noisy, blurry, low contrast, colorful, vibrant"
Knolling Photography,"Knolling Photography, {prompt}, flat lay photography, object arrangment, knolling photography","ugly, deformed, noisy, blurry, low contrast"
Light Cheery Atmosphere,"Light Cheery Atmosphere, {prompt}, happy, joyful, cheerful, carefree, gleeful, lighthearted, pleasant atmosphere","ugly, deformed, noisy, blurry, low contrast, monochromatic, dark, moody"
Logo Design,"Logo Design, {prompt}, dynamic graphic art, vector art, minimalist, professional logo design","ugly, deformed, noisy, blurry, low contrast"
Luxurious Elegance,"Luxurious Elegance, {prompt}, extravagant, ornate, designer, opulent, picturesque, lavish","ugly, deformed, noisy, blurry, low contrast"
Macro Photography,"Macro Photography, {prompt}, close-up, macro 100mm, macro photography","ugly, deformed, noisy, blurry, low contrast"
Mandola Art,"Mandola art style, {prompt}, complex, circular design, mandola","ugly, deformed, noisy, blurry, low contrast"
Marker Drawing,"Marker Drawing, {prompt}, bold marker lines, visibile paper texture, marker drawing","ugly, deformed, noisy, blurry, low contrast, photograph, realistic"
Medievalism,"Medievalism, {prompt}, inspired by The Middle Ages, medieval art, elaborate patterns and decoration, Medievalism","ugly, deformed, noisy, blurry, low contrast"
Minimalism,"Minimalism, {prompt}, abstract, simple geometic shapes, hard edges, sleek contours, Minimalism","ugly, deformed, noisy, blurry, low contrast"
Neo-Baroque,"Neo-Baroque, {prompt}, ornate and elaborate, dynaimc, Neo-Baroque","ugly, deformed, noisy, blurry, low contrast"
Neo-Byzantine,"Neo-Byzantine, {prompt}, grand decorative religious style, Orthodox Christian inspired, Neo-Byzantine","ugly, deformed, noisy, blurry, low contrast"
Neo-Futurism,"Neo-Futurism, {prompt}, high-tech, curves, spirals, flowing lines, idealistic future, Neo-Futurism","ugly, deformed, noisy, blurry, low contrast"
Neo-Impressionism,"Neo-Impressionism, {prompt}, tiny dabs of color, Pointillism, painterly, Neo-Impressionism","ugly, deformed, noisy, blurry, low contrast, photograph, realistic"
Neo-Rococo,"Neo-Rococo, {prompt}, curved forms, naturalistic ornamentation, elaborate, decorative, gaudy, Neo-Rococo","ugly, deformed, noisy, blurry, low contrast"
Neoclassicism,"Neoclassicism, {prompt}, ancient Rome and Greece inspired, idealic, sober colors, Neoclassicism","ugly, deformed, noisy, blurry, low contrast"
Op Art,"Op Art, {prompt}, optical illusion, abstract, geometric pattern, impression of movement, Op Art","ugly, deformed, noisy, blurry, low contrast"
Ornate and Intricate,"Ornate and Intricate, {prompt}, decorative, highly detailed, elaborate, ornate, intricate","ugly, deformed, noisy, blurry, low contrast"
Pencil Sketch Drawing,"Pencil Sketch Drawing, {prompt}, black and white drawing, graphite drawing","ugly, deformed, noisy, blurry, low contrast"
Pop Art 2,"Pop Art, {prompt}, vivid colors, flat color, 2D, strong lines, Pop Art","ugly, deformed, noisy, blurry, low contrast, photo, realistic"
Rococo,"Rococo, {prompt}, flamboyant, pastel colors, curved lines, elaborate detail, Rococo","ugly, deformed, noisy, blurry, low contrast"
Silhouette Art,"Silhouette Art, {prompt}, high contrast, well defined, Silhouette Art","ugly, deformed, noisy, blurry, low contrast"
Simple Vector Art,"Simple Vector Art, {prompt}, 2D flat, simple shapes, minimalistic, professional graphic, flat color, high contrast, Simple Vector Art","ugly, deformed, noisy, blurry, low contrast, 3D, photo, realistic"
Sketchup,"Sketchup, {prompt}, CAD, professional design, Sketchup","ugly, deformed, noisy, blurry, low contrast, photo, photograph"
Steampunk 2,"Steampunk, {prompt}, retrofuturistic science fantasy, steam-powered tech, vintage industry, gears, neo-victorian, steampunk","ugly, deformed, noisy, blurry, low contrast"
Surrealism,"Surrealism, {prompt}, expressive, dramatic, organic lines and forms, dreamlike and mysterious, Surrealism","ugly, deformed, noisy, blurry, low contrast, realistic"
Suprematism,"Suprematism, {prompt}, abstract, limited color palette, geometric forms, Suprematism","ugly, deformed, noisy, blurry, low contrast, realistic"
Terragen,"Terragen, {prompt}, beautiful massive landscape, epic scenery, Terragen","ugly, deformed, noisy, blurry, low contrast"
Tranquil Relaxing Atmosphere,"Tranquil Relaxing Atmosphere, {prompt}, calming style, soothing colors, peaceful, idealic, Tranquil Relaxing Atmosphere","ugly, deformed, noisy, blurry, low contrast, oversaturated"
Sticker Designs,"Vector Art Stickers, {prompt}, professional vector design, sticker designs, Sticker Sheet","ugly, deformed, noisy, blurry, low contrast"
Vibrant Rim Light,"Vibrant Rim Light, {prompt}, bright rim light, high contrast, bold edge light","ugly, deformed, noisy, blurry, low contrast"
Volumetric Lighting,"Volumetric Lighting, {prompt}, light depth, dramatic atmospheric lighting, Volumetric Lighting","ugly, deformed, noisy, blurry, low contrast"
Watercolor 2,"Watercolor style painting, {prompt}, visible paper texture, colorwash, watercolor","ugly, deformed, noisy, blurry, low contrast, photo, realistic"
Whimsical and Playful,"Whimsical and Playful, {prompt}, imaginative, fantastical, bight colors, stylized, happy, Whimsical and Playful","ugly, deformed, noisy, blurry, low contrast, drab, boring, moody"
"Kamph_3d-model","professional 3d model {prompt}, octane render, highly detailed, volumetric, dramatic lighting","ugly, deformed, noisy, low poly, blurry, painting",
"Kamph_Analog film","analog film photo {prompt}, faded film, desaturated, 35mm photo, grainy, vignette, vintage, Kodachrome, Lomography, stained, highly detailed, found footage","painting, drawing, illustration, glitch, deformed, mutated, cross-eyed, ugly, disfigured",
"Kamph_Anime","anime artwork {prompt}, anime style, key visual, vibrant, studio anime,  highly detailed","photo, deformed, black and white, realism, disfigured, low contrast",
"Kamph_Cinematic","cinematic film still {prompt}, shallow depth of field, vignette, highly detailed, high budget Hollywood film, bokeh, cinemascope, moody, epic, gorgeous, film grain","anime, cartoon, graphic, text, painting, crayon, graphite, abstract, glitch",
"Kamph_Comic book","comic {prompt}, graphic illustration, comic art, graphic novel art, vibrant, highly detailed","photograph, deformed, glitch, noisy, realistic, stock photo",
"Kamph_Digital art","concept art {prompt}, digital artwork, illustrative, painterly, matte painting, highly detailed","photo, photorealistic, realism, ugly",
"Kamph_Fantasy art","ethereal fantasy concept art of  {prompt}, magnificent, celestial, ethereal, painterly, epic, majestic, magical, fantasy art, cover art, dreamy","photographic, realistic, realism, 35mm film, dslr, cropped, frame, text, deformed, glitch, noise, noisy, off-center, deformed, cross-eyed, closed eyes, bad anatomy, ugly, disfigured, sloppy, duplicate, mutated, black and white",
"Kamph_Cyberpunk","neonpunk style {prompt}, cyberpunk, vaporwave, neon, vibes, vibrant, stunningly beautiful, crisp, detailed, sleek, ultramodern, magenta highlights, dark purple shadows, high contrast, cinematic, ultra detailed, intricate, professional","painting, drawing, illustration, glitch, deformed, mutated, cross-eyed, ugly, disfigured",
"Kamph_Photo with Bokeh","cinematic photo {prompt}, 35mm photograph, film, bokeh, professional, 4k, highly detailed","drawing, painting, crayon, sketch, graphite, impressionist, noisy, blurry, soft, deformed, ugly",
"Kamph_Photo without Bokeh","cinematic photo {prompt}, 35mm photograph, film, professional, 4k, highly detailed","bokeh, drawing, painting, crayon, sketch, graphite, impressionist, noisy, blurry, soft, deformed, ugly",
"Kamph_Enhancer","breathtaking {prompt}, masterpiece, award-winning, professional, highly detailed","ugly, deformed, noisy, blurry, distorted, grainy",
Bens_Red Dress (Tutorial Prompt),"a fashion shoot of a european woman with blonde hair in a maxi silk red dress with slit at front of dress from thigh to floor, (legs exposed:1.8), Red Patent Pointed Stiletto Heel Court Shoes, plain background, RAW candid cinema, 35mm, color graded portra 400 film, remarkable color, ultra realistic, textured skin, remarkable detailed pupils, realistic dull skin noise, visible skin detail, skin fuzz, dry skin, shot with cinematic camera",
Bens_Daguerreotype Photo 1920,"daguerreotype photo, {prompt},  1920s photography, historical photo, aged photo, black & white photography, damaged photo","cartoon, illustration, painting, frame"
Bens Underwater and god rays,"deep underwater, {prompt} highly detailed,  intricate lighting, god rays","ugly, deformed, noisy, blurry, low contrast,"
